[
    {
        "customerId": 1,
        "firstName": "Srikhar ",
        "lastName": "Reddy",
        "dateOfBirth": "28-12-1996",
        "emailId": "Srikhar@gmail.com",
        "mobile": "9638285683",
        "customerPwd": ""
    },
    {
        "customerId": 2,
        "firstName": "Anand",
        "lastName": "Preetham",
        "dateOfBirth": "04-11-1997",
        "emailId": "Anand@gmail.com",
        "mobile": "9638285683",
        "customerPwd": ""
    },
    {
        "customerId": 3,
        "firstName": "Abhishek",
        "lastName": "Nagula",
        "dateOfBirth": "04-01-1997",
        "emailId": "abhi@gmail.com",
        "mobile": "9638285683",
        "customerPwd": ""
    },
    {
        "customerId": 4,
        "firstName": "Madhuri",
        "lastName": "djs",
        "dateOfBirth": "19-02-1974",
        "emailId": "djs@gmail.com",
        "mobile": "9638285683",
        "customerPwd": ""
    },
    {
        "customerId": 5,
        "firstName": "RAvi",
        "lastName": "teja",
        "dateOfBirth": "30-12-1995",
        "emailId": "teja@gmail.com",
        "mobile": "9638285683",
        "customerPwd": ""
    }
    
]